{"IcoMoonType":"selection","icons":[{"icon":{"paths":["M1024 590.444l-512-397.426-512 397.428v-162.038l512-397.426 512 397.428zM896 576v384h-256v-256h-256v256h-256v-384l384-288z"],"tags":["home","house"],"defaultCode":59648,"grid":16,"attrs":[]},"attrs":[],"properties":{"ligatures":"home, house","name":"home","order":9,"id":1,"prevSize":32,"code":59648},"setIdx":0,"setId":1,"iconIdx":0},{"icon":{"paths":["M384 928c0 53.019-42.981 96-96 96s-96-42.981-96-96c0-53.019 42.981-96 96-96s96 42.981 96 96z","M1024 928c0 53.019-42.981 96-96 96s-96-42.981-96-96c0-53.019 42.981-96 96-96s96 42.981 96 96z","M1024 512v-384h-768c0-35.346-28.654-64-64-64h-192v64h128l48.074 412.054c-29.294 23.458-48.074 59.5-48.074 99.946 0 70.696 57.308 128 128 128h768v-64h-768c-35.346 0-64-28.654-64-64 0-0.218 0.014-0.436 0.016-0.656l831.984-127.344z"],"tags":["cart","purchase","ecommerce","shopping"],"defaultCode":59706,"grid":16,"attrs":[]},"attrs":[],"properties":{"ligatures":"cart, purchase","name":"cart","order":7,"id":59,"prevSize":32,"code":59706},"setIdx":0,"setId":1,"iconIdx":58},{"icon":{"paths":["M512 0c-176.732 0-320 143.268-320 320 0 320 320 704 320 704s320-384 320-704c0-176.732-143.27-320-320-320zM512 512c-106.040 0-192-85.96-192-192s85.96-192 192-192 192 85.96 192 192-85.96 192-192 192z"],"tags":["location","map-marker","pin"],"defaultCode":59719,"grid":16,"attrs":[]},"attrs":[],"properties":{"ligatures":"location, map-marker","name":"location","order":8,"id":72,"prevSize":32,"code":59719},"setIdx":0,"setId":1,"iconIdx":71},{"icon":{"paths":["M576 706.612v-52.78c70.498-39.728 128-138.772 128-237.832 0-159.058 0-288-192-288s-192 128.942-192 288c0 99.060 57.502 198.104 128 237.832v52.78c-217.102 17.748-384 124.42-384 253.388h896c0-128.968-166.898-235.64-384-253.388z"],"tags":["user","profile","avatar","person","member"],"defaultCode":59761,"grid":16,"attrs":[]},"attrs":[],"properties":{"ligatures":"user, profile2","name":"user","order":6,"id":114,"prevSize":32,"code":59761},"setIdx":0,"setId":1,"iconIdx":113},{"icon":{"width":1408,"paths":["M0 192h896v192h-896v-192zM0 448h896v192h-896v-192zM0 704h896v192h-896v-192z","M992 448l192 192 192-192z"],"tags":["menu","options","hamburger"],"defaultCode":59839,"grid":16,"attrs":[]},"attrs":[],"properties":{"ligatures":"menu3, options3","name":"menu3","order":5,"id":192,"prevSize":32,"code":59839},"setIdx":0,"setId":1,"iconIdx":191}],"height":1024,"metadata":{"name":"icomoon"},"preferences":{"showGlyphs":true,"showQuickUse":true,"showQuickUse2":true,"showSVGs":true,"fontPref":{"prefix":"icon-","metadata":{"fontFamily":"icomoon"},"metrics":{"emSize":1024,"baseline":6.25,"whitespace":50},"embed":false,"resetPoint":59648},"imagePref":{"prefix":"icon-","png":true,"useClassSelector":true,"color":0,"bgColor":16777215,"classSelector":".icon"},"historySize":50,"showCodes":true,"gridSize":16}}